-1.164150124997391345e+00,2.606458921484683808e-13,-2.306219143567139529e+00,-9.988848219686469188e-01,-1.383791322052066564e+00,8.787777797692289949e-01
-1.083781306973207847e+00,2.816159445394069703e-13,-2.342140836606111165e+00,-1.002582088386237746e+00,-1.373870785466848599e+00,9.383721884058507934e-01
-1.106743826408688625e+00,1.907037993899696541e-13,-2.269549081923188716e+00,-9.938964466433258815e-01,-1.349345014464504278e+00,8.191833711326061973e-01
-1.626270828636447341e+00,9.692070845033961623e-14,-2.381056004064998177e+00,-9.889667580865381113e-01,-1.358438839667620801e+00,5.212113279494962059e-01
-1.804230354261425084e+00,-3.690102980611453981e-14,-2.148313367916658390e+00,-9.716541613692477597e-01,-1.306356022595226873e+00,-8.196628663744983667e-01
-1.979319564956968369e+00,-1.237827439910380750e-13,-2.175254637695887450e+00,-9.629685196263358948e-01,-1.300844613381216819e+00,-1.504998565695650381e+00
-1.827192873696906528e+00,-9.717140804734730824e-14,-2.077218350443692962e+00,-9.543415646519572970e-01,-1.273287567311166990e+00,-1.653984587287205432e+00
-1.620530198777577091e+00,-1.180693686273258283e-13,-2.252336604008681409e+00,-9.573932766156830754e-01,-1.274389849153969134e+00,-1.385809748422406784e+00
-1.557383270330004121e+00,4.132515099640456252e-14,-2.089940616728328759e+00,-9.710086069153827104e-01,-1.316000988719744136e+00,-1.207026522512540501e+00
-9.517468202191919913e-01,1.610677687221426721e-13,-2.105656357432879044e+00,-9.747058733329735380e-01,-1.305529311213125210e+00,-2.237187800082785782e-01
-9.488765052897565333e-01,2.745741295533433824e-13,-1.948498950387376638e+00,-9.840370695297503412e-01,-1.319858975169551085e+00,4.914141236311858618e-01
-7.651763498059085400e-01,3.722255040642259215e-13,-1.954485899227205392e+00,-9.920771568187971567e-01,-1.345211457553996848e+00,1.146952618634027532e+00
-1.086651621902642750e+00,3.042739429408825398e-13,-1.854204506160074928e+00,-9.964199776902530337e-01,-1.341077900643489418e+00,5.808057365861191146e-01
-1.462662877658645000e+00,1.925978241568031016e-13,-2.024832548095191864e+00,-1.000117244107843861e+00,-1.347140450778900433e+00,5.510085322678076603e-01
-1.448311303011469375e+00,1.531545920934714243e-13,-1.898358253853811295e+00,-9.865019138081442263e-01,-1.304151458909622807e+00,5.808057365861191146e-01
-1.543031695682828497e+00,1.407121737247654084e-13,-1.955234267832183681e+00,-9.852694916689472837e-01,-1.315449847798343175e+00,4.020225106762527201e-01
-1.531550435965087775e+00,3.867130426594035878e-14,-1.928292998052954843e+00,-9.635553873116677881e-01,-1.262815889804548286e+00,-3.131103929632106930e-01
-1.901821061862219775e+00,-2.939394758726737867e-14,-1.944008738757504906e+00,-9.654333639047297799e-01,-1.284034815278486397e+00,-5.514880275096988305e-01
-1.666455237648538867e+00,-1.211083574162196871e-13,-1.815289338701188582e+00,-9.443648140013153336e-01,-1.222031461620874504e+00,-1.922159426152004968e+00
-1.798489724402555279e+00,-1.002606993424276189e-13,-1.759161693327794929e+00,-9.555153000226210835e-01,-1.236912266498701340e+00,-1.445404157059028583e+00
-1.276092407245361438e+00,1.034290097795360922e-13,-1.834746922430631866e+00,-9.654333639047297799e-01,-1.279901258367978967e+00,-7.600684577378755691e-01
-9.373952455720162558e-01,2.052488615846778593e-13,-1.817534444516124337e+00,-9.722410290545796530e-01,-1.274940990075370095e+00,7.425326317483135763e-02
-8.197123334651756910e-01,3.019029662036792810e-13,-1.947002213177419616e+00,-9.852694916689472837e-01,-1.292301929099501479e+00,1.146952618634027532e+00
-5.642543047454494642e-01,4.228690203401442452e-13,-1.914073994558361580e+00,-9.889667580865381113e-01,-1.316000988719744136e+00,1.564113479090381009e+00
-1.075170362184902473e+00,2.733299650381137276e-13,-1.772632328217409459e+00,-9.951288687825228241e-01,-1.316827700101845577e+00,7.297917581776740548e-01
-1.416737838787682557e+00,1.607666732004579546e-13,-2.049528712059485169e+00,-1.000117244107843861e+00,-1.326197095765662581e+00,1.236344231588960785e+00
-1.221556423586093842e+00,1.862373955420456573e-13,-1.801818703811574052e+00,-9.945420010971910418e-01,-1.275216560536070576e+00,1.236344231588960785e+00
-1.488495712023560902e+00,9.297280419139490372e-14,-1.888629461989089986e+00,-9.827459606220202426e-01,-1.289821794953196932e+00,2.828336934030091232e-01
-1.528680121035652872e+00,6.862604317733954706e-14,-1.718001420053972828e+00,-9.647878094508647306e-01,-1.239667971105706368e+00,1.636448761297645549e-01
-1.818581928908600709e+00,-1.108966835572621575e-13,-1.822773024750974358e+00,-9.518180336050302559e-01,-1.226716159452783117e+00,-1.296418135467473753e+00
-1.692288072013455213e+00,-1.665223459829051701e-13,-1.718001420053972828e+00,-9.400219931298594567e-01,-1.179869181133698541e+00,-1.564592974332273290e+00
-1.660714607789668618e+00,-6.032851633553809451e-14,-1.741949215413287400e+00,-9.511724791511652066e-01,-1.223684884385077609e+00,-1.087837705239296904e+00
-1.362201855128415406e+00,-4.309164849607927757e-16,-1.769638853797494749e+00,-9.617360974871389523e-01,-1.236912266498701340e+00,-1.087837705239296904e+00
-1.006282803878459253e+00,1.952651417302094833e-13,-1.756168218907880663e+00,-9.703630524615175501e-01,-1.261162467040345181e+00,1.636448761297645549e-01
-9.431358754308862835e-01,2.952116491930768857e-13,-1.776374171242302236e+00,-9.858563593542791770e-01,-1.279350117446578006e+00,9.085749840875393391e-01
-5.728652495337547279e-01,3.307656327099173523e-13,-1.721743263078865604e+00,-9.870887814934761195e-01,-1.276043271918172017e+00,5.510085322678076603e-01
-1.261740832598185813e+00,2.315249322487305471e-13,-1.739704109598351423e+00,-9.976523998294499762e-01,-1.289270654031795971e+00,9.979665970424725918e-01
-1.416737838787682557e+00,1.355598353794438530e-13,-1.919312574793211601e+00,-1.000117244107843861e+00,-1.294782063245805803e+00,1.206547027270649330e+00
-1.336369020763499060e+00,1.776026532341925738e-13,-1.688815044459808234e+00,-9.877343359473411688e-01,-1.258406762433340154e+00,9.383721884058507934e-01
-1.382294059634461281e+00,6.033646402875867919e-14,-1.755419850302901930e+00,-9.821590929366883493e-01,-1.245454950780416903e+00,2.530364890846977244e-01
-1.772656890037638933e+00,-8.867521978864733520e-14,-1.588533651392677770e+00,-9.617360974871389523e-01,-1.195852267854327300e+00,-8.196628663744983667e-01
-1.853025708061822430e+00,-1.895042216721594396e-13,-1.551115221143748446e+00,-9.493531893266363708e-01,-1.163886094413069561e+00,-1.296418135467473753e+00
-1.614789568918706619e+00,-1.522250680032934279e-13,-1.558598907193534222e+00,-9.400219931298594567e-01,-1.149280859995943205e+00,-1.445404157059028583e+00
-1.597567679342096092e+00,-1.034926954383442788e-13,-1.602752654887271033e+00,-9.450103684551804939e-01,-1.173806630998287526e+00,-1.087837705239296904e+00
-1.132576660773604971e+00,4.217401904736755765e-14,-1.663370511890535974e+00,-9.605036753479420097e-01,-1.201914817989738316e+00,-6.706768447829434265e-01
-1.034985953172810502e+00,1.063243299031692533e-13,-1.438859930396960918e+00,-9.635553873116677881e-01,-1.198883542922032808e+00,-6.408796404646320832e-01
-9.632280799369322688e-01,2.205507916155332903e-13,-1.510703316474905078e+00,-9.802811163436263575e-01,-1.226716159452783117e+00,5.212113279494962059e-01
-4.982370613684411476e-01,3.585990989032112084e-13,-1.524173951364519830e+00,-9.870887814934761195e-01,-1.242974816634112356e+00,9.085749840875393391e-01
-1.052207842749421474e+00,2.624552650358781891e-13,-1.610984709542035098e+00,-9.957744232363879844e-01,-1.255099916904934165e+00,1.832288317955180545e+00
-1.169890754856261594e+00,1.165066230048742857e-13,-1.687318307249850546e+00,-9.926640245041289390e-01,-1.246557232623218825e+00,9.979665970424725918e-01
-1.083781306973207847e+00,1.168318067703555748e-13,-1.518187002524691076e+00,-9.815135384828233001e-01,-1.201914817989738316e+00,6.999945538593626004e-01
-1.528680121035652872e+00,5.558157404330183303e-14,-1.541386429279026915e+00,-9.765838499260355299e-01,-1.217622334249666594e+00,4.616169193128744630e-01
-1.654973977930798590e+00,-1.324558301871631987e-13,-1.387222496653438775e+00,-9.455972361405122761e-01,-1.134400055118116368e+00,-9.090544793294305093e-01
-1.832933503555776333e+00,-2.325935002690763627e-13,-1.453078933891554181e+00,-9.332143279800096947e-01,-1.124479518532898403e+00,-1.773173404560449917e+00
-1.726731851166676934e+00,-2.237085756286461567e-13,-1.420899083877475100e+00,-9.251742406909629901e-01,-1.099127036148452863e+00,-1.385809748422406784e+00
-1.181372014574002316e+00,-5.513383353080134082e-14,-1.246529198917464942e+00,-9.295170615624188670e-01,-1.102158311216158149e+00,-1.385809748422406784e+00
-1.135446975703040096e+00,9.516562937060135132e-15,-1.417905609457560612e+00,-9.505856114658333134e-01,-1.151760994142247752e+00,-7.898656620561870234e-01
-1.155539180209085970e+00,8.497552229408553383e-14,-1.375996967578760000e+00,-9.605036753479420097e-01,-1.163059383030968119e+00,1.465885453820958348e-02
-7.249919407938165694e-01,1.848420370591538430e-13,-1.396202919913181795e+00,-9.691306303223206076e-01,-1.177113476526693514e+00,1.636448761297645549e-01
-6.991591064289002233e-01,2.637933349166898427e-13,-1.215097717508364594e+00,-9.802811163436263575e-01,-1.199159113382733288e+00,1.934420804480759537e-01
-8.225826483946111489e-01,1.170319011424599359e-13,-1.823521393355953313e+00,-9.933095789579940993e-01,-1.219275757013869699e+00,9.979665970424725918e-01
-1.184242329503437219e+00,1.179325734860268148e-13,-1.631939030481435626e+00,-9.951288687825228241e-01,-1.222582602542275465e+00,1.057561005679094279e+00
-1.052207842749421474e+00,1.594879729458715102e-13,-1.298915001265965818e+00,-9.809266707974914068e-01,-1.172979919616186084e+00,1.027763801360783935e+00
-1.502847286670736526e+00,4.721657037070821755e-14,-1.333339957094980877e+00,-9.765838499260355299e-01,-1.195576697393626819e+00,1.636448761297645549e-01
-1.568864530047744843e+00,-1.460442017281924745e-13,-1.245780830312486209e+00,-9.450103684551804939e-01,-1.103811733980361254e+00,-8.196628663744983667e-01
-1.769786575108203808e+00,-1.922072011677657373e-13,-1.257754727992143717e+00,-9.400219931298594567e-01,-1.109047572733670606e+00,-1.356012544104095330e+00
-1.580345789765485121e+00,-2.023118159967684182e+00,-1.097603846526727045e+00,-9.227093964125691050e-01,-1.072947842381905437e+00,-1.624187382968895088e+00
-1.339239335692934407e+00,-1.898612685674580636e+00,-1.201627082618750064e+00,-9.301626160162839163e-01,-1.077908110674514530e+00,-1.504998565695650381e+00
-1.215815793727223593e+00,-2.108664590882420420e+00,-1.192646659359007044e+00,-9.530504557442271985e-01,-1.142667168939131228e+00,-7.302712534195652250e-01
-6.848075317817245988e-01,-1.675347398621630290e+00,-1.204620557038664108e+00,-9.678982081831236650e-01,-1.147903007692440802e+00,3.424281020396309216e-01
-5.011073762978764945e-01,-1.235082964359802471e+00,-1.404434974567946304e+00,-9.697761847761857679e-01,-1.158374685199059728e+00,2.828336934030091232e-01
-5.958277689692357271e-01,-1.992059901610104600e+00,-1.126790222120891638e+00,-9.827459606220202426e-01,-1.183727167583505491e+00,7.595889624959843989e-01
-9.689687097958025186e-01,-2.043959885970796364e+00,-1.196388502383900043e+00,-9.895536257718700046e-01,-1.179593610672998061e+00,8.787777797692289949e-01
-1.405256579069942280e+00,-1.421023853211100363e+00,-1.429131138532239165e+00,-9.926640245041289390e-01,-1.196954549697129222e+00,1.266141435907271129e+00
-1.132576660773604971e+00,-9.811680802434514792e-01,-1.141757594220463190e+00,-9.790486942044294150e-01,-1.131093209589710380e+00,9.383721884058507934e-01
-1.339239335692934407e+00,-1.402770315404452850e+00,-1.076649525587326517e+00,-9.734734511937765955e-01,-1.133573343736014927e+00,1.040504674931427703e-01
-1.247389257951010189e+00,-6.632295933724410286e-01,-1.041476201153333170e+00,-9.382027033053306209e-01,-1.043461803086952244e+00,-8.792572750111201652e-01
-1.761175630319898211e+00,-1.396776616423165640e+00,-1.291431315216180042e+00,-9.363247267122686290e-01,-1.061373883032484589e+00,-9.090544793294305093e-01
-1.402386264140506933e+00,-8.305082831229126938e-01,-1.055695204647926211e+00,-9.214769742733721625e-01,-1.001575093060476762e+00,-1.326215339785784986e+00
-1.178501699644566969e+00,-1.398706959609490597e-01,-1.092365266291876580e+00,-9.251742406909629901e-01,-1.004606368128182048e+00,-1.326215339785784986e+00
-1.192853274291742594e+00,-3.431115795991442896e-01,-1.193395027963985333e+00,-9.524049012903621492e-01,-1.088930929102534417e+00,-4.918936188730770875e-01
-5.412917853099681320e-01,2.073319265127087155e-02,-1.033992515103547394e+00,-9.524049012903621492e-01,-1.064680728560890577e+00,-7.473275841672361031e-02
-6.101793436164113515e-01,6.337018767724614254e-02,-1.009296351139254089e+00,-9.741190056476416448e-01,-1.099953747530554304e+00,5.808057365861191146e-01
-4.437010777091739411e-01,-9.511995853370152076e-01,-1.086378317452048270e+00,-9.809266707974914068e-01,-1.126959652679202950e+00,4.318197149945641189e-01
-7.967498140296948028e-01,-9.804869780864869933e-01,-1.036237620918482927e+00,-9.870887814934761195e-01,-1.127510793600603911e+00,1.117155414315716078e+00
-1.221556423586093842e+00,-4.538587903215656194e-01,-1.262993308226993738e+00,-9.895536257718700046e-01,-1.138533612028623798e+00,1.355533048862204160e+00
-1.066559417396597098e+00,-7.724783793495405559e-01,-1.022018617423889886e+00,-9.747058733329735380e-01,-1.073774553764007100e+00,7.297917581776740548e-01
-1.075170362184902473e+00,-7.995862451967260531e-01,-9.793616069401107627e-01,-9.660789183585949402e-01,-1.072672271921204956e+00,2.530364890846977244e-01
-1.307665871469147811e+00,-2.209218526397199456e-01,-9.037763778372736034e-01,-9.413131020375895552e-01,-9.806317380472389100e-01,-6.408796404646320832e-01
-1.824322558767471181e+00,-9.450696659243350561e-01,-1.093862003501834046e+00,-9.270522172840249819e-01,-9.649242217873105210e-01,-1.534795770013961835e+00
-1.356461225269545157e+00,-2.428533420939755771e-01,-7.286581242722851570e-01,-9.103264882520664125e-01,-8.885912041732727529e-01,-1.683781791605516664e+00
-1.307665871469147811e+00,-2.218753956594701759e-01,-5.370757613977675815e-01,-9.214769742733721625e-01,-9.326824778853523013e-01,-1.504998565695650381e+00
-8.885998917716190215e-01,-2.158816966781829105e-01,-7.511091824216427071e-01,-9.431323918621183910e-01,-1.009291065960090661e+00,-5.514880275096988305e-01
-4.207385582736929419e-01,-2.098879976968956729e-01,-8.409134150190727963e-01,-9.579801443010149686e-01,-1.012873481949197130e+00,-2.535159843265889501e-01
-4.178682433442575950e-01,2.127807437684244019e-02,-7.136907521727134940e-01,-9.666657860439267225e-01,-1.042359521244150322e+00,1.465885453820958348e-02
-2.485196625075851984e-01,-9.837562684399163704e-01,-6.628016870341697508e-01,-9.784618265190975217e-01,-1.065231869482291538e+00,9.979665970424725918e-01
-7.938794991002597889e-01,-1.936073304307625920e+00,-6.792657963436985469e-01,-9.883212036326730621e-01,-1.070743278696301592e+00,1.623707887727003696e+00
-9.086920962776650068e-01,-7.148803940171716276e-02,-7.541026568415568621e-01,-9.827459606220202426e-01,-1.050626635065165182e+00,1.057561005679094279e+00
-8.197123334651756910e-01,-4.860300692771127307e-02,-6.261316253902192708e-01,-9.753514277868385873e-01,-1.008464354577989219e+00,8.787777797692289949e-01
-9.402655605014512696e-01,4.713503796989583217e-01,-9.913355046197678266e-01,-9.635553873116677881e-01,-9.759470402153304081e-01,1.040504674931427703e-01
-1.419608153717117904e+00,3.364921526199950441e-01,-7.511091824216427071e-01,-9.357378590269367358e-01,-9.109124114900130076e-01,-6.110824361463206289e-01
-1.327758075975193686e+00,2.610260336283327653e-01,-6.351120486499621798e-01,-9.208314198195070022e-01,-8.681989900814359729e-01,-1.207026522512540501e+00
-1.178501699644566969e+00,5.943574292467400655e-01,-4.989089625438600795e-01,-9.096809337982013632e-01,-8.084002001094280354e-01,-1.326215339785784986e+00
-1.129706345844169624e+00,-7.600657078450713186e-03,-4.188335218111512992e-01,-9.190121299949781664e-01,-8.456022123039951266e-01,-9.686488879660534179e-01
-5.958277689692357271e-01,4.333448793403414379e-01,-4.435296857754446598e-01,-9.431323918621183910e-01,-9.125658342542160018e-01,-2.833131886449003489e-01
-5.699949346043193810e-01,-9.529704509451227823e-01,-6.830076393685914349e-01,-9.499400570119682641e-01,-9.249665049857384025e-01,-2.237187800082785782e-01
-3.116665909551576963e-01,1.133630859984375849e-01,-6.328669428350264248e-01,-9.678982081831236650e-01,-9.676799263943155482e-01,6.106029409044294587e-01
-3.037572787051550163e-02,-6.709941579618358132e-01,-4.697225869496950423e-01,-9.734734511937765955e-01,-9.764981811367314801e-01,9.681693927241611375e-01
-7.709169796647784567e-01,-2.155115757987396741e+00,-4.951671195189671915e-01,-9.840370695297503412e-01,-1.006810931813786114e+00,3.126308977213195228e-01
-1.066559417396597098e+00,-5.169288500564747091e-01,-8.274427801294581553e-01,-9.870887814934761195e-01,-9.858675768005483731e-01,1.027763801360783935e+00
-1.853727340600122564e-01,7.699455653121780596e-01,-6.605565812192338848e-01,-9.691306303223206076e-01,-9.164238207040229511e-01,1.206547027270649330e+00
-1.020634378525634878e+00,2.978055501044136744e-01,-7.645798173112573481e-01,-9.561608544764861328e-01,-9.315801960425503792e-01,-1.513834978010077277e-02
-9.632280799369322688e-01,7.051046399691613953e-01,-6.029321986358830987e-01,-9.338598824338747439e-01,-8.475312055288987123e-01,-2.535159843265889501e-01
-1.273222092315926091e+00,6.142456122301023225e-01,-5.445594474475534685e-01,-9.159017312627192320e-01,-7.902125497031952106e-01,-1.087837705239296904e+00
-1.103873511479253722e+00,6.405128983421060074e-02,-1.569045100686470018e-01,-9.028732686483516012e-01,-7.155329548533604367e-01,-1.594390178650583634e+00
-8.484154827595270509e-01,9.061427395582458133e-02,-9.254481004048906168e-02,-9.165472857165842813e-01,-7.723004697576628663e-01,-1.058040500920985449e+00
-7.852685543119540812e-01,8.745794688696354596e-03,-6.560354026125987670e-02,-9.431323918621183910e-01,-8.602074467211215936e-01,-1.045299627350339683e-01
-5.039776912273115084e-01,-7.284791800096364067e-01,-2.482054798760345571e-01,-9.542828778834241410e-01,-8.731592583740449554e-01,1.636448761297645549e-01
6.147434987140913687e-02,-2.267793311896142971e-01,-1.037703391151678228e-01,-9.623229651724708456e-01,-8.883156337125722724e-01,4.914141236311858618e-01
6.938366212141510586e-03,-1.150762517327602152e+00,5.862564816518475719e-02,-9.753514277868385873e-01,-9.252420754464388830e-01,6.404001452227408020e-01
-8.369342230417867734e-01,-2.666078596142135382e+00,-1.696267763532832706e-01,-9.870887814934761195e-01,-9.616173762589045326e-01,9.681693927241611375e-01
-7.651763498059085400e-01,-9.555586391415876735e-01,-7.271613870623281350e-01,-9.852694916689472837e-01,-9.745691879118278944e-01,9.383721884058507934e-01
-2.944447013785471134e-01,-9.750614179775958512e-02,-4.233237334410229757e-01,-9.691306303223206076e-01,-8.681989900814359729e-01,7.297917581776740548e-01
-1.003412488949024128e+00,-4.816477583257156581e-01,-5.535398707072963775e-01,-9.617360974871389523e-01,-8.935514724658817354e-01,3.424281020396309216e-01
-1.009153118807894600e+00,-3.402742076867180249e-02,-4.689432513679528403e-02,-9.276390849693568752e-01,-7.687180537685563975e-01,-6.110824361463206289e-01
-1.238778313162704814e+00,-1.645265940430625518e-01,-5.961659142143112267e-02,-9.096809337982013632e-01,-7.204932231459694192e-01,-1.266620931149163187e+00
-1.281833037104231909e+00,-5.729154473589535002e-01,9.005712957428560483e-02,-8.930138915347759498e-01,-6.471914805996370479e-01,-1.653984587287205432e+00
-8.197123334651756910e-01,-4.188501394535923406e-01,-1.299632402894182470e-01,-9.022864009630197080e-01,-6.681348356128749000e-01,-1.445404157059028583e+00
-5.671246196748843671e-01,-8.630649662258138566e-01,5.563217374527059528e-02,-9.319819058408127521e-01,-7.769851675895713683e-01,-8.494600706928088218e-01
-3.346291103906390840e-01,-8.178397830033736771e-01,3.370187692172182392e-01,-9.418999697229214485e-01,-7.951728179958041931e-01,-4.322992102364552891e-01
1.217509633895466903e-01,-2.684627831958393274e-01,2.053058947409873158e-01,-9.586256987548800179e-01,-8.254855686728588271e-01,7.297917581776740548e-01
2.423041904258218249e-01,-9.145562892923271292e-01,1.424429319227864810e-01,-9.697761847761857679e-01,-8.569006011927156052e-01,6.999945538593626004e-01
-4.982370613684411476e-01,-1.972444159489528115e+00,7.957996910458560447e-02,-9.821590929366883493e-01,-8.805996608129583736e-01,1.355533048862204160e+00
-6.073090286869763377e-01,-1.504958896095946463e-01,-3.297776578186999985e-01,-9.846239372150822344e-01,-8.836309358806637704e-01,8.191833711326061973e-01
-2.858337565902417943e-01,5.383475747974367925e-02,1.813580993816722997e-01,-9.647878094508647306e-01,-8.089513410308289965e-01,5.510085322678076603e-01
-8.656373723361380224e-01,-2.781344338247346837e-01,-2.818820671000707989e-01,-9.586256987548800179e-01,-8.172184548518439673e-01,2.828336934030091232e-01
-5.699949346043193810e-01,4.227196856916958234e-01,4.096105239001403553e-01,-9.251742406909629901e-01,-6.827400700300012559e-01,-6.110824361463206289e-01
-1.009153118807894600e+00,-2.181974440118620850e-01,2.352406389401306697e-01,-9.090940661128694700e-01,-6.593165808704589681e-01,-1.296418135467473753e+00
-1.112484456267559096e+00,-2.564753852332647965e-01,2.008156831111156670e-01,-8.874386485241231304e-01,-5.744408789747057487e-01,-1.475201361377340037e+00
-5.097183210861818692e-01,-4.274552837781690762e-02,3.100774994379890681e-01,-8.923683370809109006e-01,-5.683783288392948441e-01,-1.415606952740718238e+00
-5.699949346043193810e-01,-4.838272852280019465e-01,3.168128168827961111e-01,-9.220638419587039447e-01,-6.915583247724171878e-01,-7.600684577378755691e-01
-1.796321042011419233e-01,2.252000601720020867e-01,2.322471645202165147e-01,-9.437779463159835514e-01,-7.295870483490858316e-01,-1.939215756899671517e-01
-6.768982195317169159e-02,3.502504161906771496e-01,-1.666333019333686716e-01,-9.605036753479420097e-01,-7.593486581047395045e-01,6.106029409044294587e-01
3.485058428149220844e-01,-1.241485324635268395e+00,3.437540866620252822e-01,-9.673113404977918828e-01,-8.139116093234379790e-01,6.106029409044294587e-01
-6.481950702373673323e-02,-2.031836267576829336e+00,2.082993691609014986e-01,-9.821590929366883493e-01,-8.337526824938737979e-01,1.027763801360783935e+00
-7.917108167091237159e-02,6.645109514140795648e-01,-1.569045100686470018e-01,-9.852694916689472837e-01,-8.235565754479553524e-01,1.415127457498825958e+00
-9.352265631808802382e-02,9.677376316946576518e-01,3.721920936512111422e-01,-9.666657860439267225e-01,-7.505304033623235727e-01,1.355533048862204160e+00
-4.264791881325629141e-01,2.666110713154413170e-01,2.389824819650235854e-01,-9.623229651724708456e-01,-7.813942949607792787e-01,9.383721884058507934e-01
-5.585136748865791034e-01,5.243401275107933968e-01,3.961398890105261583e-01,-9.041643775560816998e-01,-5.849125564813246747e-01,-7.004740491012537706e-01
-1.379423744705025934e+00,-3.320777246563200169e-01,4.740011909050600297e-02,-8.874386485241231304e-01,-5.540486648828689686e-01,-1.564592974332273290e+00
-8.369342230417867734e-01,3.862126100784006866e-01,-1.621121233267361003e-02,-8.669569663060405773e-01,-4.465761852096750140e-01,-1.773173404560449917e+00
-8.225826483946111489e-01,2.855457112790533714e-01,4.006301006403978349e-01,-8.836826953379991467e-01,-4.914941703038560594e-01,-9.984460922843637620e-01
-4.724042270035251900e-01,2.143024256605707278e-01,2.996003389682890261e-01,-9.140237546696572402e-01,-6.130207434727753535e-01,-4.918936188730770875e-01
2.509151352141275049e-01,5.548535041428013237e-01,5.181239716220349401e-01,-9.270522172840249819e-01,-6.361686621716171608e-01,6.106029409044294587e-01
1.791572619782492992e-01,1.290284356086201789e-01,2.778976494239102646e-01,-9.474752127335743790e-01,-6.802599358836967092e-01,1.146952618634027532e+00
7.474796180064052775e-01,-9.783074511842007048e-01,7.104547031015313596e-01,-9.592712532087450672e-01,-7.265557732813803238e-01,4.616169193128744630e-01
-7.343045181204244098e-02,-1.819741055898095983e+00,6.251406821339728914e-01,-9.784618265190975217e-01,-7.243512095957763686e-01,1.564113479090381009e+00
-2.399087177192794629e-01,-1.545825025513814233e-01,1.446880377377218752e-01,-9.759382954721704806e-01,-7.483258396767196174e-01,9.979665970424725918e-01
-2.083352534954932000e-01,3.685039539973247180e-01,8.489028950225693260e-01,-9.549284323372891903e-01,-6.466403396782360868e-01,9.383721884058507934e-01
-4.121276134853872342e-01,1.554551992988412734e-01,5.675162995506216612e-01,-9.443648140013153336e-01,-6.662058423879714253e-01,6.701973495410511461e-01
-5.814761943220601026e-01,6.578361502758277579e-01,3.901529401706978484e-01,-9.059836673806105356e-01,-4.934231635287595341e-01,-7.302712534195652250e-01
-1.006282803878459253e+00,4.152275619650867555e-01,4.949245448676995451e-01,-8.806309833742733684e-01,-4.350022258602541103e-01,-1.415606952740718238e+00
-5.527730450277087426e-01,1.114310815873409632e+00,6.917454879770666976e-01,-8.261696621754750502e-01,-3.578424968641148451e-01,-1.236823726830851955e+00
-5.728652495337547279e-01,8.659809694441671368e-01,7.231769693861676007e-01,-8.421911499850353033e-01,-4.410647759956650704e-01,-9.090544793294305093e-01
-1.889446815277481817e-02,1.158446235644706723e+00,4.028752064553332568e-01,-8.508767917279470572e-01,-4.628348423910043641e-01,-1.147432113875918702e+00
2.767479695790438510e-01,1.332263506102037143e+00,7.171900205463384026e-01,-8.787530067812113765e-01,-4.917697407645565955e-01,-4.025020059181438903e-01
1.016587588835011213e-01,7.753711254210693404e-02,7.179383891513171356e-01,-8.979435800915637200e-01,-5.920773884595376124e-01,2.232392847663863256e-01
9.024766241959015778e-01,3.176704759409514078e-02,8.279485740831692420e-01,-8.960656034985017282e-01,-5.873926906276291104e-01,1.236344231588960785e+00
-1.968539937777525339e-01,-1.656140317795232519e+00,5.465619786112216882e-01,-9.028732686483516012e-01,-6.232168505186937990e-01,1.236344231588960785e+00
-2.800931267313714335e-01,9.159738677653586070e-01,-6.859701468117447576e-02,-8.515223461818122175e-01,-6.287282597327037426e-01,1.236344231588960785e+00
5.573372001253838748e-02,7.677660384098918822e-01,1.626488842572077209e-01,-8.131411995611073085e-01,-5.388922895443416516e-01,7.595889624959843989e-01
-1.078742309652636761e-01,1.138558052661344355e+00,1.274755598232147902e-01,-8.019907135398016695e-01,-5.168466526883018775e-01,4.318197149945641189e-01
-6.991591064289002233e-01,8.699313619545609999e-01,7.486215019554393058e-01,-7.499355498508639695e-01,-3.509532353466024435e-01,-1.087837705239296904e+00
-4.580526523563495656e-01,7.189991239712364424e-01,5.188723402270136731e-01,-7.016363393480503641e-01,-3.264274643442581780e-01,-1.207026522512540501e+00
-3.862947791204713321e-01,1.101233654459691902e+00,7.830464577844542529e-01,-6.298624214319615833e-01,-2.217106892780691396e-01,-1.207026522512540501e+00
-3.662025746144253469e-01,4.620873903642416791e-01,5.660195623406649723e-01,-6.576799497166926356e-01,-2.983192773528074437e-01,-1.266620931149163187e+00
-4.185698758825536631e-02,7.802983180980379574e-01,4.492740599640057675e-01,-6.626683250420136728e-01,-3.523310876501049016e-01,-1.058040500920985449e+00
2.623963949318682265e-01,7.926943773547910910e-01,6.408564228385233985e-01,-6.954742286520656513e-01,-4.239794074322342232e-01,4.020225106762527201e-01
3.915605667564490688e-01,1.026448637624994165e+00,4.971696506826349671e-01,-7.183620683800089335e-01,-4.766133654260292229e-01,4.445605885652099964e-02
1.209600321645460941e+00,1.203103279994750807e-01,7.201834949662525576e-01,-7.301581088551796217e-01,-4.898407475396530653e-01,1.087358209997405734e+00
-3.324604279995047040e-02,-1.965769358351276530e+00,4.657381692735341194e-01,-7.518135264439259613e-01,-5.306251757233266808e-01,9.085749840875393391e-01
-2.887040715196767526e-01,3.713645830565754369e-01,-2.781402240751779109e-01,-7.363202195511644454e-01,-5.703073220641983188e-01,1.266141435907271129e+00
5.609091475931218262e-01,8.610770339140230156e-01,6.273857879489083134e-01,-7.121999576840242208e-01,-4.223259846680312291e-01,9.085749840875393391e-01
6.938366212141510586e-03,3.655071045066811131e-01,5.562907704759428862e-01,-7.183620683800089335e-01,-4.666928288408113135e-01,3.722253063579412657e-01
-4.063869836265173174e-01,5.737881441064133226e-01,-1.845631814760902156e-02,-6.273388903850345422e-01,-2.988704182742084048e-01,-6.110824361463206289e-01
-5.039776912273115084e-01,1.767055865961324745e-01,4.762153297432349386e-01,-5.290385530919448076e-01,-2.255686757278761168e-01,-1.504998565695650381e+00
-4.350901329208686219e-01,9.855825082071264509e-01,8.301936798981046639e-01,-5.290972398604780746e-01,-1.059710957838602557e-01,-1.862565017515382504e+00
-8.778202645921809322e-02,1.538637459662268947e+00,6.071798356144870734e-01,-5.266323955820841896e-01,-1.812018315550960323e-01,-1.147432113875918702e+00
-1.279664354713092589e-01,1.541634309152912552e+00,5.271043948817782931e-01,-5.947677338491152987e-01,-3.079642434773248172e-01,-4.918936188730770875e-01
3.054511188733951554e-01,1.312375323118674997e+00,7.097063344965525156e-01,-6.378438219524751318e-01,-3.432372624469884892e-01,6.106029409044294587e-01
8.450703256071990799e-01,1.424893399449203901e+00,4.724734867183420506e-01,-6.441819929540594236e-01,-4.066184684081028955e-01,1.465885453820958348e-02
1.310061344175690534e+00,-2.439431055451187214e-01,8.182507491952102641e-02,-6.206485987722510922e-01,-4.468517556703754945e-01,6.701973495410511461e-01
-1.624102146245313127e-01,-2.331793657503977713e+00,-8.730622980563905455e-02,-6.427148237407297460e-01,-5.022414182711755215e-01,6.999945538593626004e-01
1.332322231072873842e-01,-1.110849930929484808e+00,-6.186169723636696094e-02,-6.647810487092083997e-01,-5.058238342602818793e-01,1.057561005679094279e+00
5.436872580165104107e-01,7.255377046780951966e-01,1.858483110115439763e-01,-5.766922091408933637e-01,-3.666607516065307770e-01,5.808057365861191146e-01
-3.949057239087766513e-01,3.127897975576318101e-01,-1.000284960902748932e-01,-5.274540103415488179e-01,-4.099253139365088283e-01,1.040504674931427703e-01
1.935088366254249237e-01,1.216612359849471803e+00,2.853813354736960961e-01,-4.317945776324525475e-01,-2.343869304702920209e-01,-9.090544793294305093e-01
-5.039776912273115084e-01,1.055327369080287347e+00,-1.067638135350819778e-01,-3.514523915105183804e-01,-1.569516310134522752e-01,-1.356012544104095330e+00
-3.547213148966846807e-01,6.530684351770765783e-01,3.714437250462332418e-01,-2.932351171255960232e-01,-5.912411746477570784e-02,-1.385809748422406784e+00
-1.710211594128366042e-01,1.086930509163438252e+00,9.027854345810276682e-01,-2.956999614039899082e-01,-1.183717665153826426e-01,-9.984460922843637620e-01
3.116643775208607053e-14,4.548677075004183834e-01,7.478731333504604617e-01,-3.809131493141786895e-01,-2.848163247784830654e-01,-1.939215756899671517e-01
7.176299401111033500e-14,9.137943408630723185e-01,1.048717312551851411e+00,-3.654785291899502742e-01,-2.390716283022004951e-01,-3.727048015998335462e-01
3.934757781752705506e-14,6.751361450627251237e-01,1.048717312551851411e+00,-4.394825443103001494e-01,-3.200893437481467374e-01,2.530364890846977244e-01
-3.608506833480305571e-14,-1.692943091418137869e-01,7.987621984890038718e-01,-4.636614929459735857e-01,-3.399304169185825009e-01,1.504519070453759211e+00
-1.332645475773882993e-13,-1.614729306651793150e+00,7.126998089164666705e-01,-4.202332842314145389e-01,-3.492998125823994493e-01,1.355533048862204160e+00
-4.430327462414515336e-14,4.787062829941745035e-01,3.347736634022819846e-01,-4.890141769523107529e-01,-4.460250442882739974e-01,1.236344231588960785e+00
4.631682576353940003e-14,1.131202149366128396e+00,9.761255578689285173e-01,-3.660067101067489559e-01,-2.525745808765248457e-01,9.383721884058507934e-01
-1.553151365030662584e-15,1.584520487894849061e-01,8.429159461827410160e-01,-3.971693841978717332e-01,-2.983192773528074437e-01,6.404001452227408020e-01
9.223126783753780809e-14,7.901061891583261998e-01,1.035995046267215169e+00,-2.790916059090977619e-01,-1.059710957838602557e-01,-1.641243713716557251e-01
4.525004624423681496e-14,-1.827801318497101202e-01,-1.449306123889899101e-01,-2.221067536633723194e-01,-8.144532478151599031e-02,-1.445404157059028583e+00
6.492475398015685888e-14,4.372952718507353009e-01,1.380244604557363752e+00,-1.129493641916428925e-01,3.153856410568792179e-02,-1.236823726830851955e+00
1.639063775074811573e-13,1.610153186143537418e+00,1.398953819681828303e+00,-1.257430797318778437e-01,2.492487304887598676e-02,-1.207026522512540501e+00
8.555173895218433362e-14,1.006015572916060252e+00,1.288943634749976086e+00,-2.643612270072676074e-01,-1.431731079784274163e-01,-1.641243713716557251e-01
9.572478976661351048e-14,1.242630462245514211e+00,1.493996632514108747e+00,-2.683519272675243816e-01,-1.751392814196851000e-01,1.040504674931427703e-01
3.238722103776284406e-14,4.932818691532139810e-01,1.223835566116839857e+00,-3.353135301638917043e-01,-2.332846486274900433e-01,6.999945538593626004e-01
1.404971187361729381e-14,4.974814453795691621e-02,1.592032919766302568e+00,-3.800915345547140611e-01,-2.418273329092054669e-01,1.117155414315716078e+00
-9.496544733370403232e-14,-2.096677192919846000e+00,1.382489710372299063e+00,-4.123105704794342019e-01,-2.376937759986980092e-01,9.979665970424725918e-01
7.379641168955195472e-15,7.091912529109482000e-01,1.012795619512878886e+00,-3.788004256469839071e-01,-3.126489413092332637e-01,1.027763801360783935e+00
7.323576250417611742e-14,1.044293514137462964e+00,1.273227894045426689e+00,-2.954652143298571731e-01,-1.599829060811577552e-01,9.085749840875393391e-01
2.618456947813092297e-14,7.217235325990942751e-01,1.723776761219298070e-01,-2.727534349075134701e-01,-1.988383410399278683e-01,3.722253063579412657e-01
1.266580177047059658e-13,1.298480839116599839e+00,2.464661680148094447e-01,-1.276210563249398633e-01,2.575158443097747690e-02,-5.812852318280102848e-01
1.336682664259276583e-13,9.403573249846862714e-01,1.656423586771227363e-01,-8.161062979492056391e-02,8.720379716718838770e-02,-1.415606952740718238e+00
2.329751071406195546e-13,1.411407576741307679e+00,1.126547647469624103e+00,-5.590582517738428708e-02,2.291225844279445312e-01,-1.385809748422406784e+00
1.536668817231816997e-13,9.357258303173279224e-01,1.089129217220694779e+00,-6.676287735602404183e-02,1.767641968948500397e-01,-1.356012544104095330e+00
1.456708994803069062e-13,1.171114735764245740e+00,8.878180624814560051e-01,-1.488069797654206772e-01,2.134245705976952137e-02,-8.196628663744983667e-01
1.640935392194583884e-13,1.086385627437866708e+00,1.821033712889749356e+00,-1.991602271668958535e-01,-1.944197112390409071e-02,-3.727048015998335462e-01
6.064122194344984510e-14,3.058425555565942866e-01,1.663876305844246728e+00,-2.653589020723317593e-01,-1.227808938865905947e-01,-1.513834978010077277e-02
-3.116103383168646621e-14,-7.275256369898861486e-01,1.836749453594299863e+00,-3.294448533105729382e-01,-1.734858586554821058e-01,9.383721884058507934e-01
-1.206015695185219081e-13,-2.404671588299175156e+00,1.300917532429633594e+00,-3.741641709328620835e-01,-2.470631716625149021e-01,1.206547027270649330e+00
1.500137218601851788e-15,-6.345103394953652276e-02,1.155734023063788696e+00,-3.549149108539764730e-01,-2.167504209854602126e-01,1.117155414315716078e+00
1.005807961655566851e+00,-2.408100356230822026e-01,1.398205451076849570e+00,-2.692909155640553776e-01,-1.244343166507935888e-01,9.979665970424725918e-01
6.986842642060075992e-01,8.857096748493119287e-02,1.008305407883007376e+00,-2.195245358479120668e-01,-1.015619684126523037e-01,-1.513834978010077277e-02
7.101655239237483208e-01,8.759250609358482098e-01,1.187913873077867333e+00,-1.508610166640822481e-01,5.689104649013367737e-02,-3.429075972815220918e-01
4.425246029479851934e-02,4.367503901251637011e-01,5.076468111523350091e-01,-2.662112767932353977e-02,1.431446006893893619e-01,-1.326215339785784986e+00
4.460965504157166639e-01,6.563377255305059554e-01,6.543270577281374845e-01,2.508191539841496745e-02,2.073525180326052375e-01,-9.388516836477419636e-01
2.767479695790438510e-01,3.611480507021085362e-01,1.719255582612661870e+00,4.334726144760653126e-04,1.379087619360798989e-01,-1.177229318194230157e+00
2.423041904258218249e-01,7.819329632747525904e-01,1.429636932485950362e+00,-9.510858655755377589e-02,-4.276093355697718583e-04,-4.322992102364552891e-01
1.568389687824852219e+00,9.863998307954838785e-01,6.296308937638446235e-01,-9.598888808555160190e-02,2.382259120607399527e-02,-4.493555409841219067e-02
9.311797734902529378e-01,5.615050481342284683e-02,1.181178555633060290e+00,-1.943479121471744508e-01,-9.246814320953589128e-02,8.489805754509175406e-01
1.878383700203845708e+00,-7.870772226554045847e-02,1.168456289348424937e+00,-2.592554781448802581e-01,-8.750787491692693654e-02,1.206547027270649330e+00
1.404781736847049212e+00,-2.461884169484189755e+00,1.250028467291090406e+00,-3.209939586417938640e-01,-1.395906919893209475e-01,8.489805754509175406e-01
3.284136383088757105e-01,4.608614064817056488e-01,5.884706204900225224e-01,-2.194658490793788552e-01,-1.070733776266622472e-01,1.146952618634027532e+00
1.387559847270438684e+00,1.020727379506492616e+00,1.499983581353937057e+00,-1.616593820741888121e-01,2.520044350957648116e-02,9.085749840875393391e-01
7.159061537826182375e-01,1.508237046314829521e-01,9.424489706448923032e-01,-1.150034010903044634e-01,-3.046478955192398475e-02,3.126308977213195228e-01
2.250823008492111865e-01,1.034349422645781891e+00,1.708030053537983095e+00,6.393255616738532932e-02,1.632612443205256614e-01,-2.535159843265889501e-01
-3.324604279995047040e-02,8.538573510501996644e-01,1.270982788230490268e+00,1.322439547400160176e-01,2.550262077337913103e-01,-1.117634909557608358e+00
1.676760022605086053e-01,5.987164830513125313e-01,1.425146720856078630e+00,1.919870851068012640e-01,3.652543920139902367e-01,-1.415606952740718238e+00
3.800793070387083472e-01,5.841408968922731093e-01,9.656483973992284753e-01,2.117058393339523725e-01,3.597429827999802932e-01,-1.147432113875918702e+00
9.426610332079935484e-01,1.501585502323402155e+00,9.394554962249780372e-01,1.185699376717832404e-01,2.244378865960360847e-01,-9.388516836477419636e-01
6.671107999822213364e-01,1.001520298680094845e+00,9.738804520539930953e-01,7.273557144736352009e-02,1.558208418816122431e-01,-4.322992102364552891e-01
1.338764493470041783e+00,1.325724925395178388e+00,3.669535134163615653e-01,-8.431022114744721185e-02,3.649883239829687653e-02,3.424281020396309216e-01
2.194118342441710112e+00,2.536468731862920670e-02,8.893147996914126940e-01,-1.309662021313315605e-01,4.393923483721030171e-02,1.653505092045314262e+00
7.474796180064052775e-01,-2.759389591646266737e+00,1.303911006849547860e+00,-2.120126294756640162e-01,-2.743351448421851163e-02,1.504519070453759211e+00
6.900733194177026686e-01,1.618575595743072248e-01,4.530159029888987110e-01,-1.567883802859342257e-01,-3.790519199083740992e-02,1.206547027270649330e+00
9.885860720789555467e-01,7.239030595013805636e-01,4.417903739142199360e-01,-3.477858850543665697e-02,1.216501047547505626e-01,1.206547027270649330e+00
7.072952089943133069e-01,-1.898635942821405020e-01,9.888478241535647584e-01,-1.517720781535190737e-02,5.358420096172770986e-02,6.106029409044294587e-01
5.235950535104648695e-01,6.389015103122157591e-01,1.090625954430651579e+00,1.565989636812889774e-01,2.856145288715464803e-01,-5.812852318280102848e-01
2.423041904258218249e-01,6.418751026560348683e-02,7.306606554359533767e-01,3.007336671987983490e-01,4.098968066474708016e-01,-1.504998565695650381e+00
9.878844395406533030e-02,-1.431399863143784645e-01,6.169086274792083824e-01,4.281426416843492344e-01,5.223295546132736833e-01,-1.564592974332273290e+00
5.408169430870755079e-01,1.403347314142302515e-01,8.541414752574196800e-01,3.960996660652286727e-01,4.167860681649832588e-01,-7.600684577378755691e-01
9.484016630668643533e-01,5.546940265645838863e-02,8.339355229229976629e-01,2.391125602389511107e-01,2.853389584108459998e-01,-9.984460922843637620e-01
9.139578839136422994e-01,-1.990561476864782797e+00,9.940864043884143353e-01,5.219520246074776243e-02,1.111784272481316643e-01,6.106029409044294587e-01
1.861161810627235180e+00,6.551117416479699251e-01,3.953915204055474253e-01,5.266469660901326733e-02,1.180676887656440938e-01,6.701973495410511461e-01
1.944400943580854024e+00,-6.106485068547845563e-01,6.655525868028162595e-01,-1.417953275028771380e-02,1.235790979796540373e-01,1.474721866135448867e+00
1.060343945314833780e+00,-2.379062147197311461e+00,1.224583934721818590e+00,-8.724455957410660878e-02,7.618097873916850060e-02,1.206547027270649330e+00
8.795141047604210227e-01,2.495602602445052762e-02,7.351508670658242206e-01,-2.615163353105803834e-02,4.173467115160632568e-02,1.862085522273490890e+00
1.318672288963995465e+00,3.723181260763256950e-01,1.267989313810576224e+00,8.781807096039279115e-02,2.285714435065435424e-01,1.057561005679094279e+00
6.671107999822213364e-01,-1.235242441938019936e-01,5.113886541772278971e-01,1.275490132573609825e-01,1.635368147812261697e-01,2.232392847663863256e-01
9.828454422200856300e-01,5.673857838309473989e-01,1.503725424378830056e+00,2.956866051049442112e-01,3.878511697914310274e-01,-4.322992102364552891e-01
1.590650574722037025e-01,4.089381649741891805e-02,1.411676085966464544e+00,4.456312987072392207e-01,4.978037836109294734e-01,-1.624187382968895088e+00
1.389728529661573009e-01,4.751645517779593542e-01,9.162560694706418651e-01,5.462791067416563617e-01,6.281486115222647548e-01,-1.653984587287205432e+00
5.637794625225568401e-01,-4.445958009868489769e-01,3.415089808470899158e-01,4.722164048527733304e-01,5.815772036638806597e-01,-1.504998565695650381e+00
1.475837977544630364e-01,4.300755889869120052e-01,6.528303205181800184e-01,2.439248752586725133e-01,3.520270099003663389e-01,-9.686488879660534179e-01
1.100528354326925751e+00,8.631203403849163625e-01,1.160972603298638939e+00,2.396407411557497924e-01,3.093135884917892486e-01,-1.939215756899671517e-01
1.855421180768365153e+00,1.099871450145763152e+00,6.902487507671092315e-01,2.156378528256759630e-01,2.305004367314470171e-01,1.934420804480759537e-01
2.412262277078780492e+00,-8.102346959921961911e-02,1.017285831142750618e+00,6.252407372258882157e-02,1.682215126131346161e-01,5.212113279494962059e-01
1.146453393197887749e+00,-2.426330636890645209e+00,1.186417135867910755e+00,6.419523004861227636e-03,2.208554706069296159e-01,1.415127457498825958e+00
5.752607222402974507e-01,5.389157136698329298e-01,6.797715902974091895e-01,9.529921737120184561e-03,1.500338622069017913e-01,1.504519070453759211e+00
1.200989376857155344e+00,1.142372224740345388e+00,9.978282474133072233e-01,1.228540717747059474e-01,3.170295613914032029e-01,8.191833711326061973e-01
3.829496219681433056e-01,-1.886376103996044717e-01,1.199887770757524841e+00,2.043699932673039010e-01,2.390431210131624407e-01,2.232392847663863256e-01
7.618311926535809020e-01,2.012957001772319732e+00,1.244789887056239941e+00,3.724488983463539182e-01,5.471308960763184848e-01,-9.686488879660534179e-01
4.138214536536274218e-02,1.317551699511604779e+00,9.873510869436072923e-01,4.785545758543576222e-01,5.413439164016080607e-01,-1.117634909557608358e+00
4.317449757685410394e-01,1.311013118804746025e+00,1.351806597568177892e+00,6.972801621775487346e-01,7.444393459378746414e-01,-1.385809748422406784e+00
4.948919042161135651e-01,1.622549245400290552e+00,1.502228687168872590e+00,6.748031298293378777e-01,7.482973323876815908e-01,-1.236823726830851955e+00
4.145230861919295684e-01,9.847651856187691344e-01,1.494745001119086592e+00,4.713947900933087021e-01,4.823718378117016203e-01,-6.706768447829434265e-01
1.390430162199873587e+00,1.353922554693506974e+00,1.716262108192747604e+00,4.199264940897029508e-01,4.506812348311444172e-01,-4.493555409841219067e-02
1.591352207260332774e+00,1.277775333544880265e+00,1.265744207995640691e+00,2.698644269503415738e-01,3.401774800902449547e-01,5.808057365861191146e-01
1.416262996564789933e+00,-3.777115691729389102e-01,1.822530450099706822e+00,1.878203245409449107e-01,3.046288906598808022e-01,1.713099500681935838e+00
1.040251740808788128e+00,-2.595243971817831508e+00,1.933289003636536885e+00,1.586530005799505483e-01,3.004953337493733723e-01,1.415127457498825958e+00
7.072952089943133069e-01,2.878614586127325459e-01,1.144508493989109921e+00,2.135838159270143921e-01,3.137227158629972146e-01,1.415127457498825958e+00
1.215340951504330969e+00,7.712845124792824802e-02,9.162560694706418651e-01,3.388213799768373113e-01,4.267066047502011128e-01,1.236344231588960785e+00
6.441482805467400041e-01,-7.931838849212601295e-01,1.783646249617581447e-01,4.211002294603666818e-01,3.440354665400519041e-01,4.914141236311858618e-01
5.580388326636860352e-01,3.514764000732131799e-01,-1.254730286595465705e-01,6.969280415663496875e-01,5.520911643689274673e-01,-4.322992102364552891e-01
-4.551823374269142186e-01,-3.604115743860415999e-01,5.271043948817782931e-01,9.539174009731793413e-01,6.700353215487403480e-01,-1.266620931149163187e+00
4.604481250628923439e-01,3.603307281137511642e-01,1.725242531452490846e+00,1.075751132448077296e+00,8.847047104344277768e-01,-1.624187382968895088e+00
6.556295402644806147e-01,-3.377989827748214546e-01,1.348813123148262960e+00,9.256303785401827078e-01,7.433370640950726083e-01,-5.812852318280102848e-01
9.455313481374285622e-01,1.045087579578995868e-01,8.122328333786188459e-01,7.666479225837767864e-01,5.388637822553035139e-01,3.424281020396309216e-01
6.613701701233514196e-01,2.983504318299852187e-01,9.312234415702135282e-01,6.188746394172097709e-01,5.319745207377911678e-01,7.425326317483135763e-02
7.130358388531832237e-01,4.443554771363411593e-02,9.701386090291002073e-01,5.619484739400175677e-01,4.550903622023523831e-01,8.787777797692289949e-01
2.211340232018321306e+00,-4.661186291469259224e-01,1.104096589320266553e+00,3.825430225340622492e-01,4.749314353727882021e-01,1.236344231588960785e+00
2.004677557098991425e+00,-2.371025141745130682e+00,1.670611623289053771e+00,5.282035820334345377e-01,4.294623093572061401e-01,1.236344231588960785e+00
1.189508117139414622e+00,6.514105328535373107e-02,9.671451346091851642e-01,5.102454308622790258e-01,3.432087551579504625e-01,1.146952618634027532e+00
1.002937646726131060e+00,5.546940265645838863e-02,1.389225027817106994e+00,8.189378333468472215e-01,5.534690166724299809e-01,9.383721884058507934e-01
6.355373357584350735e-01,-3.397060688143219709e-01,1.281459948700190310e+00,7.415886724201056213e-01,4.749314353727882021e-01,5.510085322678076603e-01
3.886902518270140550e-01,5.495409073184784887e-01,1.274724631255383267e+00,1.099167153092819316e+00,7.342432388919561959e-01,-6.110824361463206289e-01
9.304781409519539970e-02,5.141235951563265516e-01,6.775264844824737676e-01,1.310498206580828828e+00,8.557698120608755454e-01,-1.475201361377340037e+00
2.107307262020355620e-01,8.176227162996904108e-01,1.551621015097459200e+00,1.457097754376732057e+00,1.047842423169122128e+00,-1.534795770013961835e+00
9.656235526434749916e-01,7.198164465595937589e-01,1.726739268662447646e+00,1.389021102878234215e+00,9.701315532515819573e-01,-1.356012544104095330e+00
7.589608777241451110e-01,5.464078373964419422e-01,2.943617587334386165e-01,8.860168097802809672e-01,6.050006928234229475e-01,-1.513834978010077277e-02
1.668850710355081812e+00,-2.517309272813381127e-02,4.634930634585986975e-01,9.526262920654491317e-01,6.328333093541731458e-01,1.338476718114541830e-01
1.166545597703934067e+00,1.165802138939922905e+00,3.692295862080600261e-02,8.656525010992647262e-01,5.165425749385632592e-01,-1.513834978010077277e-02
2.136712043853007170e+00,7.679022588412847128e-01,4.410420053092412029e-01,8.049116956674152723e-01,5.215028432311722417e-01,9.681693927241611375e-01
7.359983582886645559e-01,-2.367074749234737041e+00,9.402038648299568813e-01,7.033835861050002913e-01,5.209517023097712807e-01,1.266141435907271129e+00
7.847937120890614571e-01,3.452102602291401423e-01,-6.261006584134570785e-02,6.848972540170461532e-01,4.484766711455404065e-01,1.355533048862204160e+00
1.100528354326925751e+00,1.506625658284939329e+00,1.166211183533488516e+00,7.465770477454265475e-01,6.422027050179900387e-01,7.595889624959843989e-01
7.072952089943133069e-01,1.920984953435292963e-01,7.194351263612747127e-01,7.380674663081143727e-01,4.947725085432239656e-01,3.126308977213195228e-01
-5.499027300982738398e-01,1.021817142957635927e+00,1.123554173049709837e+00,1.283032798907296934e+00,7.998290085386745574e-01,-1.939215756899671517e-01
7.417389881475345836e-01,1.295347769194563403e+00,6.475917402833304415e-01,1.490842646283315087e+00,9.913504787255201789e-01,-1.624187382968895088e+00
7.446093030769694865e-01,1.421760329527167466e+00,7.561051880052250818e-01,1.681809391090308470e+00,1.157519466527920038e+00,-1.892362221833693514e+00
7.359983582886645559e-01,1.427481587645668792e+00,4.163458413449482864e-01,1.325169898714125827e+00,8.323463229013332576e-01,-6.408796404646320832e-01
7.733124523713208465e-01,7.775739094701801246e-01,-1.023515354633846908e+00,1.125810946006886581e+00,7.006236426864954625e-01,-6.408796404646320832e-01
9.110875689842072855e-01,3.570614377603217870e-01,-9.988191906695536026e-01,9.170034235658041100e-01,6.672796169417353207e-01,-2.535159843265889501e-01
2.044861966111083618e+00,4.675129504731328350e-02,-6.822592707636130349e-01,9.317924892361675315e-01,5.801993513603781460e-01,7.893861668142958532e-01
2.050602595969953423e+00,-7.534075189545356155e-01,-6.822592707636130349e-01,5.868316637980892647e-01,5.559491508187344166e-01,9.085749840875393391e-01
2.250823008492111865e-01,-3.341868156282273628e+00,-8.686030534032802564e-01,4.347742465285994728e-01,4.592239191128598130e-01,1.325735844543893815e+00
4.116527712624946100e-01,9.497332776039713043e-02,-7.922694556954648082e-01,7.051441891609959711e-01,4.754825762941891631e-01,1.653505092045314262e+00
1.467928665294622625e+00,1.365205593352292746e-01,-5.632686625720180196e-01,9.559127511033076452e-01,6.802314285946586825e-01,1.325735844543893815e+00
-3.611635772938543570e-02,-6.926532065533057558e-01,-8.192107254746935352e-01,9.283886566612425950e-01,5.846084787315861675e-01,-3.131103929632106930e-01
1.016587588835011213e-01,-1.032273999162610506e-01,-2.474571112710557963e-01,1.305803265098173682e+00,7.824680695145432852e-01,-4.918936188730770875e-01
4.999309015366845688e-02,-1.333321152540902499e-01,-1.426855065740540718e-01,1.416662570857365688e+00,9.637934326554704612e-01,-1.564592974332273290e+00
-3.461103701083793616e-01,1.539567745535194709e-01,1.491782493675935517e-01,1.543015183509319099e+00,1.125002152165261560e+00,-1.624187382968895088e+00
9.283094585608179239e-01,4.849724228382475966e-01,-8.162172510547793802e-01,1.271002011357993400e+00,9.847367876687083132e-01,-1.207026522512540501e+00
3.743386771798384305e-01,3.514764000732131799e-01,4.440664467059183412e-02,1.141480313205247787e+00,7.736498147721273533e-01,-1.045299627350339683e-01
8.335890658894591354e-01,-9.099081823772527805e-03,1.491782493675935517e-01,1.166598250137452109e+00,7.901840424141571839e-01,-2.535159843265889501e-01
1.522464648953890221e+00,5.416401222976907626e-01,-9.778339027533906880e-02,9.729319139779322168e-01,6.956633743938865910e-01,4.616169193128744630e-01
1.485150554871233153e+00,-6.222272435231804844e-01,8.930876096930685792e-02,6.751552504405369248e-01,6.794047172125572409e-01,8.489805754509175406e-01
5.092434788632892451e-01,-2.308499963735793248e+00,1.491782493675935517e-01,5.910571111324787186e-01,6.107876724981333716e-01,1.027763801360783935e+00
6.986842642060075992e-01,1.024421943401816922e-02,-2.324897391714841333e-01,8.394782023334629306e-01,6.942855220903840774e-01,1.385330253180515614e+00
2.652667098613031849e-01,9.403573249846862714e-01,2.539498540645952485e-01,9.721102992184675884e-01,8.483294096219621272e-01,5.510085322678076603e-01
5.006325340749834263e-01,-4.864154734244668932e-01,-2.773918554701991224e-01,8.481051573078416395e-01,6.945610925510845579e-01,1.934420804480759537e-01
3.973011966153189856e-01,1.145369074230988993e+00,2.838845982637386300e-01,1.295063586456600468e+00,1.046189000404919245e+00,-6.706768447829434265e-01
-8.778202645921809322e-02,7.535758563982064562e-02,2.015640517160944001e-01,1.386497571831307063e+00,1.074297187396370035e+00,-1.147432113875918702e+00
1.073993887423710519e-01,8.862778137217081076e-01,4.485256913590270345e-01,1.606162146451029171e+00,1.391754358123342916e+00,-1.802970608878760261e+00
3.542464726737920566e-01,1.244809989147800389e+00,2.240151098654519224e-01,1.390899079471296096e+00,1.231372349995653481e+00,-9.686488879660534179e-01
-4.542893505599171142e-03,7.813880815491810461e-01,2.165314238156660909e-01,1.356919440490580442e+00,9.728872578585868736e-01,-7.302712534195652250e-01
9.799751272906506161e-01,9.253730775314681356e-01,3.063356564130961246e-01,1.209028783786946892e+00,9.546996074523540488e-01,-4.493555409841219067e-02
1.381819217411568657e+00,1.000566755660344587e+00,-8.281601817576739188e-02,1.091479186414971769e+00,8.535652483752715902e-01,7.297917581776740548e-01
1.958752518228029649e+00,-1.130352709765492930e-01,3.512377727118111692e-01,9.263346197625810241e-01,8.180166589449073822e-01,9.383721884058507934e-01
9.397907182785586455e-01,-2.416250324967570862e+00,4.440664467059183412e-02,8.077873473255414716e-01,8.629346440390884831e-01,1.385330253180515614e+00
5.035028490044192173e-01,9.238513956393218374e-02,-4.046145183165583692e-01,8.555583769115564508e-01,7.031037768328000093e-01,6.701973495410511461e-01
3.571167876032270150e-01,6.271865532124270004e-01,2.389824819650235854e-01,1.060786006472114407e+00,9.932794719504237646e-01,1.027763801360783935e+00
4.173934011213653594e-01,-1.786935189079233433e-01,-8.281601817576739188e-02,9.091393965823569845e-01,8.510851142289670435e-01,1.040504674931427703e-01
3.140620636617000305e-01,1.083388777947223103e+00,3.287867145624536191e-01,1.308150735839501255e+00,1.186178794440771789e+00,-6.706768447829434265e-01
-2.915743864491121551e-01,9.065746579992489673e-01,2.913682843135244616e-01,1.503577675055016938e+00,1.274085771404230627e+00,-1.326215339785784986e+00
5.121137937927241479e-01,1.828242096803557759e+00,6.954873310019595856e-01,1.610563654091018426e+00,1.491235294436222381e+00,-1.534795770013961835e+00
4.068051282706544418e-03,1.537275255348339975e+00,5.832320402551720573e-01,1.508566050380337753e+00,1.379078116931119924e+00,-1.326215339785784986e+00
1.045290738129360797e-01,9.770006210293742388e-01,5.757483542053862813e-01,1.303631854662445910e+00,1.083666583060186817e+00,-7.302712534195652250e-01
1.373208272623263060e+00,1.495046921616543401e+00,6.281341565538871574e-01,1.205390204137889221e+00,1.084768864902988739e+00,-1.641243713716557251e-01
1.384689532341003781e+00,5.871377463829167143e-01,5.458136100062429552e-01,1.007733167718112499e+00,9.505660505418466188e-01,4.020225106762527201e-01
1.614314726695813995e+00,-6.162335445418931634e-01,4.185909471598836529e-01,7.871296048018594504e-01,9.494637686990445857e-01,1.564113479090381009e+00
7.876640270184964709e-01,-2.247064549177598902e+00,6.505852147032445965e-01,7.341354528163908100e-01,9.839100762866067607e-01,1.117155414315716078e+00
6.240560760406943519e-01,-1.105833032114772324e-01,-7.979157677909021196e-03,7.941133302573087915e-01,8.629346440390884831e-01,1.206547027270649330e+00
2.336932456375169220e-01,4.048515520324024591e-02,2.988519703633102931e-01,9.519807376115840825e-01,1.099374099320115095e+00,9.979665970424725918e-01
8.852547346192910505e-01,-6.718114805501932407e-01,3.138193424628819561e-01,1.137313552639391379e+00,1.018080813413468455e+00,7.893861668142958532e-01
7.008529465971403971e-02,3.803551315285063628e-01,5.981994123547437203e-01,1.434209914648788775e+00,1.247079866255581759e+00,-4.025020059181438903e-01
-1.997243087071879086e-01,1.351583550213003304e-01,4.260746332096695399e-01,1.573825736989242774e+00,1.369708721267303142e+00,-1.236823726830851955e+00
5.379466281576404940e-01,5.571692514764804427e-01,1.117598191186643664e-01,1.809805233261191137e+00,1.623509115572461248e+00,-1.445404157059028583e+00
-2.054649385660582417e-01,-5.350694245785539427e-02,5.682646681556003943e-01,1.564435854023932704e+00,1.461198114219868227e+00,-1.266620931149163187e+00
4.690590698511972190e-01,-1.518580939235235905e-01,6.356178426036729334e-01,1.354219849138053711e+00,1.204090874386304133e+00,-3.727048015998335462e-01
1.508113074306714596e+00,-8.211323305036276332e-02,4.260746332096695399e-01,1.323467982426663303e+00,1.195272619643888312e+00,7.425326317483135763e-02
3.944308816858840272e-01,-8.129591046200540516e-02,3.213030285126677876e-01,1.017533858063154995e+00,1.055007255147335066e+00,-1.045299627350339683e-01
1.912827479357067650e+00,-7.923665623329028129e-01,4.634930634585986975e-01,9.477552902771946286e-01,1.122246447558256532e+00,7.595889624959843989e-01
1.246914415728117120e+00,-2.976116297992358106e+00,2.764009122139527985e-01,8.252173175798983573e-01,1.098822958398714134e+00,1.444924661817137412e+00
-1.825024191305768817e-01,-3.500588216001817576e-01,-2.399734252212699648e-01,9.082590950543592001e-01,1.018907524795569897e+00,1.415127457498825958e+00
1.244044100798682218e+00,-4.204847846303070291e-01,1.940803656663085686e-01,1.197115369774709892e+00,1.247631007176982720e+00,6.106029409044294587e-01
5.924826118169080891e-01,-5.749587538298468470e-01,-3.222939717689141670e-01,1.262903237300413428e+00,1.139056245660986733e+00,2.232392847663863256e-01
4.138214536536274218e-02,1.317528442364780394e-01,-1.950713089225549479e-01,1.454808970403937751e+00,1.428129658935808566e+00,-4.918936188730770875e-01
-2.112055684249281862e-01,-4.131288813350908473e-01,2.090477377658802594e-01,1.608450930423823477e+00,1.534775427226900968e+00,-1.177229318194230157e+00
3.886902518270140550e-01,3.746338734100048695e-01,3.512377727118111692e-01,2.228887447356685758e+00,1.731532736167056052e+00,-1.564592974332273290e+00
1.963791515548599098e-01,1.147020331655419952e-02,3.138193424628819561e-01,1.970489605505059805e+00,1.596778780884512861e+00,-1.028243296602675105e+00
5.322059982987705773e-01,1.377465432177652771e-01,4.260746332096695399e-01,1.799769795842016018e+00,1.362819459749790685e+00,-2.237187800082785782e-01
5.006325340749834263e-01,1.901914093040288078e-01,1.416945633178077202e-01,1.571067458868182998e+00,1.395061203651748905e+00,-2.237187800082785782e-01
1.103398669256360654e+00,1.919622749121363825e-01,-1.950713089225549479e-01,1.239898024035403834e+00,1.236057047827561872e+00,7.297917581776740548e-01
2.340504403842902370e+00,-4.377847794172043394e-01,-4.495166346152734138e-01,1.128451850590880046e+00,1.305225233463386703e+00,6.404001452227408020e-01
5.838716670286023813e-01,-2.919584818964307882e+00,-7.413803905569210650e-01,9.881317870280278415e-01,1.280699462461042382e+00,1.385330253180515614e+00
7.331280433592296530e-01,-4.289304513766663551e-01,-2.250060531216983017e-01,1.113075917235184731e+00,1.244048591187876251e+00,1.057561005679094279e+00
7.647015075830159159e-01,4.022866209827619666e-01,6.281341565538871574e-01,1.384384848164112336e+00,1.419586974654093225e+00,8.489805754509175406e-01
5.207247385810298557e-01,-1.001601144952385170e+00,-7.533233212598154649e-02,1.197643550691508407e+00,1.243497450266475290e+00,1.040504674931427703e-01
4.202637160508003178e-01,1.787256359202013187e-02,-1.576528786736257626e-01,1.662736191317022438e+00,1.514658783595764779e+00,-3.727048015998335462e-01
1.676760022605086053e-01,-1.032506570630855811e-02,2.314987959152377539e-01,1.870956846072772795e+00,1.606148176548329864e+00,-1.087837705239296904e+00
4.145230861919295684e-01,-3.234958374785678048e-01,3.736888308611686638e-01,2.096724844619946904e+00,1.752200520719593424e+00,-1.028243296602675105e+00
5.666497774519917430e-01,4.099149651407639761e-01,4.485256913590270345e-01,2.095433735712216805e+00,1.790229244296262179e+00,-8.494600706928088218e-01
3.255433233794407522e-01,3.265480611283139156e-01,4.410420053092412029e-01,1.748066752764277476e+00,1.512454219910160713e+00,-1.045299627350339683e-01
1.433484886141400683e+00,2.337819473497542988e-01,5.083951797573137421e-01,1.437555060455180556e+00,1.565363748364656304e+00,1.206547027270649330e+00
2.202729287230015487e+00,7.802983180980379574e-01,4.784604355581703605e-01,1.374760218124669420e+00,1.479936905547502013e+00,3.722253063579412657e-01
1.996066612310686716e+00,-6.188217327383581656e-01,6.206504705041012704e-01,1.247996798092983806e+00,1.508596233460353764e+00,9.681693927241611375e-01
5.609091475931218262e-01,-2.780095097217986311e+00,3.063356564130961246e-01,1.103979468112540774e+00,1.435570061374721984e+00,9.681693927241611375e-01
3.025808039439601971e-01,-1.537651799630240790e-01,2.195558652123432569e-02,1.088486161219779147e+00,1.356481339153679189e+00,1.236344231588960785e+00
1.028770481091047406e+00,-2.374045248382598838e-01,4.111072611100978214e-01,1.352635306387657721e+00,1.650515020721109893e+00,9.085749840875393391e-01
2.853589143673487816e-01,-1.417777820004495481e-01,3.961398890105261583e-01,1.346062388311940694e+00,1.495919992268130994e+00,2.828336934030091232e-01
7.560905627947102081e-01,6.346786769390361238e-01,8.182507491952102641e-02,1.812622198150784181e+00,1.692952871668986559e+00,-4.918936188730770875e-01
5.286340508310342218e-02,8.973116686645323803e-01,3.287867145624536191e-01,2.292503904446661522e+00,1.924432058657404410e+00,-1.624187382968895088e+00
2.308229307080819359e-01,5.845495581864518231e-01,6.730362728526021465e-01,2.532591474515933250e+00,2.113473394697945373e+00,-1.743376200242138463e+00
7.503499329358402914e-01,1.082571455358865675e+00,6.056830984045296074e-01,2.562873847079058187e+00,2.084262925863692661e+00,-1.445404157059028583e+00
3.427652129560513350e-01,9.684187338516220267e-01,6.880036449521738096e-01,1.883281067464742442e+00,1.684134616926570516e+00,-3.727048015998335462e-01
1.427744256282530655e+00,9.167911903537159235e-01,6.505852147032445965e-01,1.900652350950565950e+00,1.727950320177949584e+00,6.106029409044294587e-01
1.849680550909494459e+00,1.060912406767395844e+00,2.464661680148094447e-01,1.584624102399349255e+00,1.587960526142097040e+00,4.318197149945641189e-01
1.522464648953890221e+00,-5.678752913974164374e-01,6.356178426036729334e-01,1.396650382787548494e+00,1.571150728039366617e+00,9.383721884058507934e-01
1.097658039397490848e+00,-2.137407101906320772e+00,5.308462379066711812e-01,1.275227458692382854e+00,1.670080523430845343e+00,9.979665970424725918e-01
4.834106444983728434e-01,5.833235743039157928e-01,-4.046145183165583692e-01,1.265602828652940159e+00,1.520445763270475092e+00,9.681693927241611375e-01
8.479406405366347599e-01,1.155040724859884405e+00,2.464661680148094447e-01,1.491664261042779716e+00,1.819164142669814410e+00,9.383721884058507934e-01
5.723904073108617707e-01,2.322835226044324963e-01,3.736888308611686638e-01,1.406568446669657302e+00,1.556269923161539781e+00,2.828336934030091232e-01
5.494278878753812156e-01,1.594760277396140458e+00,2.015640517160944001e-01,1.985454731481022694e+00,1.937383870310327660e+00,-2.535159843265889501e-01
4.999309015366845688e-02,7.602739146832827588e-01,1.865966796165227370e-01,2.220847360067639276e+00,2.125322924508066702e+00,-1.415606952740718238e+00
4.231340309802353317e-01,1.195770633846359177e+00,3.587214587615970007e-01,2.237631775868131001e+00,2.129180910957873873e+00,-1.445404157059028583e+00
4.202637160508003178e-01,9.276888248651472546e-01,9.050305403959630901e-01,2.325955362510578439e+00,2.221221444831840142e+00,-1.385809748422406784e+00
-4.542893505599171142e-03,-5.955280389701735899e-01,7.179383891513171356e-01,1.578520678471897698e+00,1.816408438062809383e+00,-8.196628663744983667e-01
1.731997638802654338e+00,2.324197430358253824e-01,5.083951797573137421e-01,1.578227244629231807e+00,1.776175150800536784e+00,-7.473275841672361031e-02
2.148193303570748114e+00,-1.795340986431052249e-02,4.784604355581703605e-01,1.324817778102926669e+00,1.701219985490001418e+00,6.999945538593626004e-01
1.823847716544578779e+00,-1.119568038538629962e+00,4.260746332096695399e-01,1.014482146099429105e+00,1.766530184676019299e+00,1.921679930910113798e+00
8.795141047604210227e-01,-2.233170065175523966e+00,-2.773918554701991224e-01,9.895989562413575191e-01,1.800700921802880883e+00,2.070665952501668627e+00
4.116527712624946100e-01,-4.546761129099229914e-01,-1.651365647234115941e-01,9.945873315666785563e-01,1.581622405545985544e+00,1.802491113636869091e+00
5.235950535104648695e-01,-8.483531596353814930e-01,-3.372613438684858300e-01,1.240308831415136037e+00,1.822195417737519696e+00,1.027763801360783935e+00
2.968401740850894477e-01,-8.821358266208187970e-01,-7.039619603079918519e-01,1.351637631322593514e+00,1.696259717197392547e+00,2.828336934030091232e-01
6.097045013935187274e-01,2.566669798237601885e-01,-3.522287159680574931e-01,1.857458889310139583e+00,1.990568969225523732e+00,-6.408796404646320832e-01
-2.657415520841958090e-01,-4.960871240533622495e-01,-3.746797741174150431e-01,1.784041741875121767e+00,1.856917295785782462e+00,-7.898656620561870234e-01
5.522982028048161185e-01,-2.310021645627939602e-01,7.104547031015313596e-01,2.132465086656658126e+00,2.210198626403820032e+00,-1.534795770013961835e+00
3.513761577443570427e-01,-9.614393748383065486e-02,7.478731333504604617e-01,2.167970581619236725e+00,2.163076077624034976e+00,-9.984460922843637620e-01
1.217509633895466903e-01,-8.246508045730183145e-01,2.988519703633102931e-01,1.779874981309265358e+00,1.802629915027784469e+00,-1.939215756899671517e-01
1.614314726695813995e+00,-3.225422944588175467e-01,3.287867145624536191e-01,1.512556750640594583e+00,1.815030585759306758e+00,4.616169193128744630e-01
1.671721025284516715e+00,-6.111933885803562116e-01,-6.740272161088485259e-01,1.374173350439337637e+00,1.701219985490001418e+00,3.722253063579412657e-01
1.671721025284516715e+00,-1.683111963211025186e+00,4.709767495083845290e-01,1.171880059305439037e+00,1.712242803918021306e+00,6.106029409044294587e-01
3.800793070387083472e-01,-2.356858216880270085e+00,5.383299239564570682e-01,1.187432052966733931e+00,1.748618104730486955e+00,9.383721884058507934e-01
-2.176478308220978694e-02,-9.774901285958433883e-01,8.930876096930685792e-02,1.171410565157173567e+00,1.682205623701667152e+00,8.489805754509175406e-01
8.393296957483290521e-01,-3.936493596459073041e-01,3.961398890105261583e-01,1.236083384080746583e+00,1.859397429932087009e+00,9.681693927241611375e-01
